股票代號,股票名稱,停券起日(最後回補日),停券迄日,原因,融券_今日餘額_D0,借券_當日餘額_D0,融券_今日餘額_D-1,借券_當日餘額_D-1,融券_今日餘額_D-2,借券_當日餘額_D-2,融券_今日餘額_D-3,借券_當日餘額_D-3,融券_今日餘額_D-4,借券_當日餘額_D-4
00406A,主動中信台灣收益,115.08.27,115.09.01,分配收益,"83,000","12,948,000","89,000","11,016,000","103,000","10,279,000","93,000","10,279,000","54,000","9,919,000"
0053,元大電子,115.09.01,115.09.04,受益人大會,0,"57,000",0,"57,000",0,"57,000",0,"57,000",0,"57,000"
00771,元大US高息特別股,115.08.17,115.08.20,分配收益,0,"50,000",0,"50,000",0,"50,000",0,"50,000",0,"50,000"
00850,元大臺灣ESG永續,115.08.17,115.08.20,分配收益,0,"1,595,000",0,"1,598,000",0,"1,598,000",0,"1,598,000",0,"1,598,000"
00907,永豐優息存股,115.08.19,115.08.24,分配收益,0,"732,000",0,"732,000",0,"732,000",0,"630,000",0,"596,000"
00939,統一台灣高息動能,115.08.26,115.08.31,分配收益,0,"2,546,000",0,"2,382,000",0,"2,354,000",0,"2,162,000",0,"2,027,000"
00946,群益科技高息成長,115.08.27,115.09.01,分配收益,0,"1,410,000",0,"1,410,000",0,"1,410,000",0,"1,410,000",0,"1,410,000"
00953B,群益優選非投等債,115.08.27,115.09.01,分配收益,0,"86,308,000",0,"85,325,000",0,"85,325,000","217,000","84,865,000","217,000","81,821,000"
00984D,主動聯博全球非投,115.08.26,115.08.31,分配收益,0,"32,691,000",0,"32,596,000",0,"32,596,000",0,"25,871,000",0,"19,545,000"
00985B,群益ESG投等債0-5,115.08.27,115.09.01,分配收益,0,"6,394,000",0,"6,394,000",0,"6,025,000",0,"6,025,000",0,"5,725,000"
1203,味王,115.08.28,115.09.02,除息,0,"49,000",0,"49,000",0,"49,000",0,"70,000",0,"92,000"
1315,達新,115.08.21,115.08.26,除息,0,"45,000",0,"44,000",0,"44,000",0,"49,000",0,"53,000"
1339,昭輝,115.08.21,115.08.26,除息,0,"251,000",0,"266,000",0,"274,000",0,"281,000",0,"281,000"
1409,新纖,115.08.21,115.08.26,除息,"48,000","63,924,000","59,000","63,498,000","66,000","63,270,000","106,000","61,198,000","74,000","60,831,000"
1453,大將,115.08.24,115.08.27,除權,"1,000","219,480","1,000","219,480","3,000","219,480","1,000","221,480","1,000","221,480"
1454,台富,115.08.18,115.08.21,除息,0,"106,000",0,"106,000",0,"106,000",0,"109,000",0,"109,000"
1531,高林股,115.08.25,115.08.28,除息,"4,000","242,000","4,000","242,000","4,000","242,000","4,000","243,000","4,000","243,000"
1563,巧新,115.08.21,115.08.26,減資,"2,000","8,000","3,000","672,000","2,000","766,000","2,000","766,000","2,000","766,000"
1583,程泰,115.08.20,115.08.25,除權息,0,"107,000",0,"107,000",0,"107,000",0,"112,000",0,"112,000"
1709,和益,115.08.24,115.08.27,除息,"33,000","1,840,000","37,000","1,938,000","57,000","2,001,000","93,000","2,179,000","34,000","2,246,000"
1722,台肥,115.08.19,115.08.24,除息,0,"24,658,000",0,"24,398,000",0,"24,289,000","1,000","24,226,000","1,000","23,582,000"
1732,毛寶,115.08.26,115.08.31,除息,"32,000","469,000","32,000","476,000","32,000","476,000","29,000","622,000","29,000","622,000"
1734,杏輝,115.08.21,115.08.26,除權,0,"659,390",0,"659,390",0,"659,390",0,"668,390",0,"666,390"
1737,臺鹽,115.08.18,115.08.21,除息,0,"977,000",0,"980,000",0,"987,000",0,"989,000",0,"976,000"
1783,和康生,115.08.26,115.08.31,除息,0,"302,000",0,"302,000",0,"302,000",0,"300,000",0,"300,000"
1795,美時,115.08.25,115.08.28,除權息,"6,000","15,015,000","7,000","15,353,000","11,000","15,337,000","8,000","15,656,000","8,000","15,569,000"
1808,潤隆,115.09.17,115.09.22,除息,"2,000","12,528,000","2,000","12,443,000","2,000","13,728,000","1,000","13,740,000","1,000","13,743,000"
2012,春雨,115.08.19,115.08.24,除息,0,"156,000",0,"156,000",0,"167,000",0,"205,000",0,"205,000"
2059,川湖,115.08.21,115.08.26,除息,"6,000","476,118","6,000","458,118","10,000","398,118","10,000","400,118","13,000","401,118"
2101,南港,115.08.24,115.08.27,除息,"7,000","13,952,000","5,000","14,246,000","4,000","14,337,000","8,000","14,211,000","3,000","13,508,000"
2109,華豐,115.09.21,115.09.24,除息,0,"559,000",0,"559,000",0,"559,000",0,"559,000",0,"558,000"
2201,裕隆,115.08.19,115.08.24,除息,0,"54,096,280",0,"54,164,280","3,000","54,374,280","8,000","55,128,280","9,000","55,038,280"
2250,IKKA-KY,115.08.24,115.08.27,除息,"2,000","641,728","2,000","641,728","2,000","644,728","2,000","726,728","2,000","726,728"
2364,倫飛,115.08.24,115.08.27,除權息,"5,000","298,800","14,000","398,800","4,000","400,800","7,000","457,800","4,000","456,800"
2383,台光電,115.08.24,115.08.27,除息,"27,000","607,935","41,000","623,935","42,000","705,935","40,000","691,935","37,000","722,935"
2413,環科,115.08.18,115.08.21,除息,0,"1,502,000","1,000","1,518,000","8,000","1,518,000","15,000","1,708,000","24,000","1,737,000"
2415,錩新,115.08.21,115.08.26,除權息,0,"1,121,000",0,"1,131,000",0,"1,133,000",0,"1,148,000",0,"1,207,000"
2420,新巨,115.08.20,115.08.25,除息,0,"570,000",0,"575,000",0,"742,000",0,"1,247,000",0,"1,247,000"
2428,興勤,115.08.21,115.08.26,除息,"11,000","2,116,000","10,000","2,039,000","11,000","1,945,000","12,000","1,720,000","11,000","1,590,000"
2439,美律,115.08.21,115.08.26,除息,"23,000","22,626,517","27,000","22,360,517","8,000","22,494,517","7,000","22,379,517","7,000","22,369,517"
2441,超豐,115.08.21,115.08.26,除息,"14,000","13,260,000","17,000","13,163,000","87,000","14,303,000","93,000","14,713,000","225,000","14,807,000"
2458,義隆,115.08.17,115.08.20,除息,0,"25,026,514",0,"24,197,514",0,"23,190,514","16,000","22,930,514","16,000","22,536,514"
2468,華經,115.08.18,115.08.21,除息,0,"1,666,000",0,"1,729,000","2,000","1,735,000","1,000","1,766,000","1,000","1,766,000"
2484,希華,115.08.18,115.08.21,除息,0,"8,030,000","10,000","8,923,000","143,000","8,957,000","327,000","10,170,000","181,000","11,036,000"
2527,宏璟,115.08.18,115.08.21,除息,0,"2,286,000",0,"2,255,000","4,000","2,233,000","4,000","2,213,000","5,000","2,094,000"
2542,興富發,115.09.17,115.09.22,除息,"116,000","119,525,466","139,000","121,650,466","193,000","122,211,466","188,000","122,545,466","216,000","122,376,466"
2614,東森,115.09.30,115.10.05,除權息,"4,000","3,137,010","1,000","3,180,010","1,000","3,181,010","1,000","3,239,010",0,"3,184,010"
2701,萬企,115.08.26,115.08.31,除息,0,"168,000",0,"168,000",0,"168,000",0,"170,000",0,"170,000"
2706,第一店,115.09.02,115.09.07,除息,0,"306,000",0,"306,000",0,"392,000",0,"392,000",0,"392,000"
2753,八方雲集,115.08.20,115.08.25,除權,"2,000","689,000","2,000","686,000","2,000","770,000","2,000","775,000","2,000","770,000"
2845,遠東銀,115.08.27,115.09.01,除權息,"25,000","74,666,314","24,000","77,421,414","24,000","78,414,414","25,000","78,124,414","25,000","78,218,414"
2889,國票金,115.08.26,115.08.31,除權息,"4,000","41,821,694","4,000","41,650,694","4,000","42,925,694","4,000","45,124,694","3,000","45,539,347"
2901,欣欣,115.08.21,115.08.26,除息,0,"48,000",0,"48,000",0,"48,000",0,"48,000",0,"48,000"
2905,三商,115.08.25,115.08.28,除息,"3,000","2,035,060","5,000","2,252,060","6,000","2,337,060","4,000","2,298,060","3,000","2,297,060"
3013,晟銘電,115.08.27,115.09.01,除權,"108,000","12,670,908","43,000","12,732,273","45,000","12,758,273","44,000","12,861,985","46,000","12,959,985"
3016,嘉晶,115.08.21,115.08.26,現金增資,"168,000","2,530,000","199,000","2,484,000","224,000","2,620,000","236,000","2,735,519","244,000","2,846,000"
3025,星通,115.08.21,115.08.26,除息,"1,000","2,416,000","1,000","2,386,000","1,000","2,411,000","1,000","2,456,000","1,000","2,438,000"
3052,夆典,115.08.26,115.08.31,除息,0,"1,939,000",0,"1,966,000",0,"1,969,000",0,"2,380,000",0,"2,380,000"
3135,凌航,115.08.26,115.08.31,除權息,"124,000","1,482,000","130,000","1,488,000","163,000","1,487,000","128,000","1,487,000","132,000","1,487,000"
3209,全科,115.08.25,115.08.28,除權息,"7,000","4,015,360","12,000","4,096,360","8,000","4,180,360","10,000","4,003,360","7,000","3,911,360"
3346,麗清,115.08.27,115.09.01,除息,"8,000","2,789,597","8,000","2,784,597","8,000","2,780,597","12,000","2,916,597","8,000","2,840,597"
3416,融程電,115.08.26,115.08.31,除權,"4,000","1,151,000","4,000","1,173,000","4,000","1,162,000","4,000","1,230,000","4,000","1,230,000"
3528,安馳,115.08.21,115.08.26,除息,"11,000","897,000","11,000","889,000","11,000","883,365","11,000","1,059,000","11,000","1,067,000"
3702,大聯大,115.08.21,115.08.26,除息,"86,000","13,840,492","137,000","13,420,492","148,000","13,924,492","183,000","13,924,492","190,000","13,881,492"
4438,廣越,115.08.27,115.09.01,除息,0,"406,079",0,"406,079",0,"406,079",0,"410,079",0,"410,079"
4736,泰博,115.08.21,115.08.26,除權息,"1,000","527,000","1,000","556,000","2,000","660,000","2,000","667,000","2,000","699,000"
4746,台耀,115.08.18,115.08.21,除息,0,"1,772,000",0,"1,788,000","1,000","2,032,000","3,000","2,028,000","1,000","1,902,000"
4977,眾達-KY,115.08.26,115.08.31,現金增資,"99,000","5,284,066","164,000","5,368,066","147,000","5,510,066","123,000","5,570,066","127,000","5,582,066"
5243,乙盛-KY,115.09.08,115.09.11,除息,"23,000","4,166,854","40,000","4,289,854","54,000","4,414,000","54,000","4,447,000","54,000","4,506,000"
5283,禾聯碩,115.08.24,115.08.27,除權息,0,"643,000",0,"653,000",0,"689,000",0,"767,000",0,"760,000"
5284,jpp-KY,115.08.19,115.08.24,現金增資,"1,000","2,244,494","13,000","2,234,494","13,000","2,213,494","13,000","2,220,494","15,000","2,229,494"
5534,長虹,115.08.19,115.08.24,除息,0,"8,542,035",0,"9,051,035",0,"9,240,035",0,"9,220,035",0,"9,228,035"
6108,競國,115.10.01,115.10.06,除息,"47,000","638,000","32,000","771,000","33,000","792,000","35,000","887,000","30,000","887,000"
6133,金橋,115.09.03,115.09.08,除息,0,"2,156,000",0,"2,214,000",0,"2,227,000",0,"2,478,000",0,"2,478,000"
6139,亞翔,115.08.27,115.09.01,除息,"29,000","6,667,000","32,000","6,470,000","32,000","6,419,000","36,000","6,418,000","34,000","6,264,000"
6183,關貿,115.08.24,115.08.27,除息,0,"137,000",0,"137,000",0,"137,000",0,"139,000",0,"139,000"
6216,居易,115.08.20,115.08.25,除息,0,"945,000",0,"943,000",0,"967,000",0,"1,179,000",0,"1,187,000"
6426,統新,115.08.27,115.09.01,除息,"71,000","719,000","97,000","762,000","94,000","773,000","91,000","822,000","87,000","822,000"
6504,南六,115.09.04,115.09.09,除息,0,"313,000",0,"311,000",0,"311,000",0,"320,000",0,"319,000"
6533,晶心科,115.09.01,115.09.04,現金增資,"40,000","4,301,375","39,000","4,334,375","39,000","4,332,375","65,000","4,312,375","60,000","4,246,375"
6534,正瀚-創,115.08.26,115.08.31,除息,0,"331,000",0,"337,000",0,"344,000",0,"324,000",0,"304,000"
6753,龍德造船,115.08.27,115.09.01,除息,"20,000","901,050","19,000","901,050","42,000","899,050","73,000","897,050","20,000","888,050"
6770,力積電,115.08.21,115.08.26,除息,"3,201,000","185,719,158","4,760,000","194,056,158","6,002,000","205,238,158","7,595,000","243,913,158","7,025,000","241,665,158"
6873,泓德能源,115.08.19,115.08.24,除息,0,"4,906,638","3,000","4,898,638","4,000","4,887,638","7,000","4,923,638","23,000","4,870,638"
6914,阜爾運通,115.08.20,115.08.25,除權息,0,"210,000",0,"210,000",0,"211,000",0,"244,000",0,"252,000"
6949,沛爾生醫-創,115.08.21,115.08.26,變更面額,"1,000",0,"4,000","70,000","4,000","77,000","4,000","88,563","4,000","88,563"
7730,暉盛-創,115.08.24,115.08.27,除權息,"1,000","9,000","1,000","9,000","1,000","9,000","1,000","13,000","1,000","13,000"
7780,大研生醫*,115.08.28,115.09.02,除息,"1,000","4,988,000","1,000","5,009,000","1,000","5,014,000",0,"5,002,000",0,"4,944,000"
8442,威宏-KY,115.08.20,115.08.25,除息,"10,000","243,006","10,000","243,006","20,000","276,006","20,000","282,006","20,000","282,006"
9105,泰金寶-DR,115.08.25,115.08.28,除息,"572,000","44,889,094","573,000","46,302,094","861,000","47,514,094","762,000","45,994,094","527,000","46,135,094"
9917,中保科,115.08.25,115.08.28,除權,0,"4,001,425",0,"4,120,425",0,"4,533,425",0,"4,732,425",0,"4,734,425"
9921,巨大,115.08.19,115.08.24,除息,"1,000","12,256,496","16,000","12,464,496","20,000","12,393,496","130,000","12,346,496","177,000","12,453,496"
9927,泰銘,115.09.23,115.09.30,除息,0,"387,000",0,"387,000",0,"387,000",0,"453,000",0,"447,000"
9941,裕融,115.08.26,115.08.31,除權息,"3,000","15,546,011","3,000","15,603,011","3,000","16,933,011","4,000","17,081,011","3,000","17,260,011"
9946,三發地產,115.08.21,115.08.26,除息,0,"1,531,150",0,"1,595,150",0,"1,593,150",0,"1,763,150",0,"1,824,150"
9958,世紀鋼,115.08.18,115.08.21,現金增資,0,"15,797,339",0,"15,248,339","11,000","14,847,339","46,000","14,452,339","57,000","13,876,339"
